company_id,sector,metric,value,sector_mean,sector_std,z_score
INDIGO,Consumer Discretionary,return_on_equity_pct,892.568306010929,86.72410576347089,232.10448273452172,3.4719027859930343
PNB,Financials,return_on_equity_pct,61.320565191187306,19.0070932850781,13.021442421473514,3.2495226363195013
ADANIGREEN,Energy,debt_to_equity,6.595281675818589,1.459648082065076,1.6340545097588752,3.1428777700392247
BAJAJHLDNG,Financials,interest_coverage,3764.5,334.2282702299746,932.5776668056528,3.6782692228945333
TATAMOTORS,Consumer Discretionary,free_cash_flow_cr,45133.0,4444.142857142857,12601.404542334178,3.22891444411325
BAJAJHLDNG,Financials,net_profit_margin_pct,432.7262044653349,38.23800342228855,87.7066523439148,4.4978139114942115
